taste,fresh,value,friendly,quick,slow,overall,recommend,wait,spend_before,spend_after,visits_before,visits_after,age,branch
4,4,4,5,4,2,8,yes,1.3,7.85,6.37,4,6,39,1
4,4,2,3,4,3,9,no,3.5,7.97,7.83,1,2,30,1
2,1,3,1,2,5,5,no,6.5,10.63,9.42,8,11,45,1
3,4,4,2,1,1,7,yes,4.4,10.86,11.98,5,1,51,2
2,3,2,2,2,3,4,no,,9.58,14.72,5,5,31,2
5,4,5,4,3,1,8,yes,2.4,12.57,13.41,14,16,49,1
3,3,2,1,3,2,5,no,9.8,11.79,10.72,13,24,32,2
5,4,4,2,4,4,7,yes,10.5,3.34,4.89,5,4,44,2
4,5,3,3,4,2,7,no,6,11.54,11.67,6,7,58,1
2,1,4,5,4,1,6,yes,5.3,11.75,12.16,6,3,36,2
5,5,4,4,5,4,10,yes,8.8,7.99,13.03,16,7,35,2
5,4,4,5,5,1,10,yes,0.4,13.14,16.34,8,6,48,2
4,4,4,4,4,2,9,yes,5.4,7.15,7.18,7,6,51,1
3,3,4,4,3,3,7,yes,5.1,5.41,5.1,3,2,28,1
5,5,5,5,5,1,10,yes,6.8,15.15,18.03,11,8,37,2
5,5,4,2,4,4,,yes,7.2,10.01,14.57,24,16,36,2
4,4,4,5,4,2,8,yes,4.2,9.6,9.01,6,6,41,1
4,4,3,5,5,2,8,yes,6.9,3.57,7.16,5,5,29,1
4,5,4,4,5,2,10,yes,7,16.48,15.89,17,12,34,1
4,5,1,5,5,1,10,yes,3.5,10.06,8.97,12,7,32,2
5,5,2,3,3,3,8,yes,5.4,6.95,6.7,1,4,37,2
2,4,4,4,3,1,8,yes,4.6,14.55,15.33,7,4,43,2
5,5,4,4,5,1,8,yes,7.4,11.73,12.06,12,16,999,1
1,1,2,1,2,4,1,no,3.2,4.74,11.03,16,17,50,2
3,5,3,3,2,3,6,yes,5.7,8.07,8.29,7,11,29,1
5,4,5,4,4,2,10,yes,1.1,7.89,6.89,10,10,53,1
4,3,4,5,4,1,6,yes,3.5,4.72,3.58,3,4,25,2
5,5,3,4,4,1,10,yes,1.3,6.46,7.61,4,11,18,1
4,4,4,3,4,1,7,yes,4.9,4.18,10.22,8,10,36,1
4,3,1,5,2,1,6,no,4,10.79,13.1,5,7,52,2
2,3,3,4,3,3,5,yes,5.6,10.31,8.27,3,6,30,1
1,1,1,2,1,4,,no,7.2,10.09,9.26,3,2,68,1
5,4,4,2,1,2,7,no,5.6,8.42,7.71,6,7,31,1
5,5,5,5,3,1,8,yes,,9.43,17.14,2,2,30,2
4,2,3,3,2,4,9,yes,9.4,11.13,12.46,12,7,34,2
3,3,4,3,2,4,6,yes,2.4,7.18,7.01,2,2,31,1
5,2,3,2,2,3,7,yes,3.1,5.37,6.34,0,3,43,1
2,2,4,4,4,1,9,no,1.1,12.58,8.88,2,0,35,2
5,5,5,5,3,4,9,yes,3.7,14.53,15.18,12,9,34,1
2,3,1,3,4,1,7,yes,6.4,3.69,4.81,9,11,28,1
1,3,2,4,3,4,4,no,11.4,4.53,4.08,4,3,34,1
4,4,4,5,5,1,10,yes,3.5,11.83,12.94,12,11,35,1
3,4,5,5,5,1,10,yes,3.8,12.26,14.13,9,13,46,2
2,2,3,4,1,3,5,no,11.9,12.12,12.16,10,7,42,2
2,4,2,5,4,2,7,no,5.3,7.99,8.01,8,5,43,1
3,3,3,4,3,3,7,no,7.1,7.51,7.65,7,6,46,1
4,3,5,2,5,1,7,yes,3.1,9.93,12.55,1,3,26,2
4,5,5,4,4,2,9,yes,3.9,14.1,11.78,12,8,34,1
3,3,2,5,3,1,6,no,4.9,2.75,6.87,6,6,33,1
5,4,5,5,3,1,10,yes,5.1,12.53,11.83,14,10,34,2
2,2,3,4,3,5,7,yes,7.9,7,11.36,3,2,999,2
3,1,2,5,4,2,7,no,4.1,5.65,5.82,4,2,30,2
4,3,4,5,4,4,9,yes,5.7,10.37,10.99,7,3,42,1
5,5,5,5,5,4,10,yes,2.4,14.4,14.7,21,15,54,2
4,5,2,4,4,2,8,yes,7,10.81,12.52,7,6,40,1
4,2,4,3,1,5,,no,9.2,12.88,13.93,7,3,39,2
5,3,3,3,3,3,7,no,4,9,9.29,2,3,47,1
3,1,3,3,3,3,7,no,5.8,9.79,6.6,4,0,36,2
3,4,5,3,3,2,7,yes,,7.61,8.91,0,4,42,1
2,5,4,3,3,2,9,yes,,3.75,12.47,8,12,33,2
5,5,5,5,4,1,10,yes,0.3,10.91,10.74,2,14,28,2
4,4,1,3,1,4,7,yes,4.4,10.42,8.82,22,41,40,2
5,4,3,5,5,2,9,yes,2.4,6.05,1.83,3,4,25,1
2,3,1,4,2,5,5,no,5.3,6.94,5.93,6,12,22,2
5,5,5,4,3,4,8,yes,4.6,7.46,5.65,6,12,41,1
4,4,4,5,4,3,8,yes,7.6,10,11.03,5,2,28,1
4,5,5,4,3,1,10,yes,4.1,7.53,7.18,3,4,36,1
5,4,2,3,2,4,5,no,3,15.69,11.56,5,7,33,2
4,4,4,4,4,2,7,yes,5,12.43,10.86,14,23,999,1
2,4,5,1,1,4,4,no,,3.26,1.5,6,3,18,2
4,4,5,3,3,2,5,no,7.3,6.17,9.39,3,12,41,2
5,5,5,5,4,1,10,yes,3.6,16.13,19.23,42,43,34,2
1,2,1,4,2,5,5,yes,7.5,9.77,9.59,2,7,40,2
3,5,3,4,3,5,5,no,16.3,13.75,17.44,4,6,57,2
4,4,1,4,4,3,7,no,9.7,6.79,6.58,3,4,28,2
2,3,3,4,4,1,7,no,8.3,9.24,13.79,1,0,30,1
4,3,4,4,2,4,7,no,8.4,5.17,6.1,12,9,43,1
3,3,3,1,1,4,4,yes,6.9,2.73,9.06,12,8,27,2
3,3,3,3,4,4,8,yes,2.7,6.8,8.27,0,1,25,1
2,5,4,5,4,2,9,yes,5.7,6.06,9.88,4,9,53,2
4,1,3,3,2,5,6,no,6.4,6.47,6.34,5,5,36,2
2,1,3,5,4,1,7,yes,1.6,5.17,8.07,6,1,28,1
4,4,3,3,1,2,5,no,8.7,7.88,10.86,8,7,30,2
3,3,3,5,3,2,7,yes,3.2,8.53,11.05,2,3,45,1
3,4,2,3,5,1,6,no,4.5,5.92,7.83,5,3,52,2
1,2,3,5,4,3,7,no,3.1,7.18,8.33,4,2,48,1
3,3,3,4,3,4,6,no,,8.08,6.41,4,2,20,1
2,3,4,3,5,3,6,yes,10.2,9.36,10.78,3,2,44,1
5,4,4,5,3,1,10,yes,1.8,8.1,11.03,12,7,25,1
4,5,3,4,5,2,10,yes,2.5,8.73,9.98,12,6,47,2
5,4,5,1,2,3,7,no,2.5,17.54,14.31,2,6,32,2
5,4,5,5,5,1,10,yes,2.7,8.34,12.53,17,11,30,2
3,5,3,4,4,1,8,yes,5.4,11.54,12.92,4,6,46,1
3,4,2,5,3,1,8,yes,4.7,8.24,11.36,4,4,37,1
3,3,1,4,5,1,5,no,5.6,8.36,8.89,9,22,51,2
3,3,3,5,4,3,6,yes,4,5.52,9,4,5,30,1
5,4,3,4,3,3,,yes,10.7,13.66,8.72,7,18,48,2
5,5,4,5,4,1,9,yes,5.2,13.08,11.41,2,2,44,2
5,5,5,3,5,4,5,yes,7.7,5.81,9.37,7,3,34,2
2,3,3,5,2,2,6,yes,,3.39,1.67,1,1,43,2
3,5,3,4,2,3,6,yes,,8.73,5.47,4,6,54,2
4,3,3,3,5,2,8,yes,4.8,1.96,5.35,11,4,31,2
4,4,5,4,3,3,7,yes,6,8.13,8.05,2,4,28,1
2,1,2,5,4,1,9,yes,1.3,5.86,9.44,5,3,34,1
3,5,4,4,4,3,8,yes,4.5,8.52,6.56,2,7,43,2
4,4,4,5,5,2,7,yes,2,9.6,15.6,11,6,48,1
1,2,1,3,4,1,5,no,6.5,6.05,5.19,0,0,50,2
5,4,1,4,5,1,9,yes,4.9,7.54,11.66,15,5,37,2
3,3,5,4,4,3,8,yes,4.8,6.78,10.68,3,8,28,2
4,2,2,5,2,2,5,yes,2.4,9.18,8.32,7,4,40,1
4,4,2,1,3,4,8,yes,4.8,5.62,11.31,5,5,33,1
5,4,3,5,5,2,10,yes,6.6,6.41,5.18,10,8,25,1
3,3,3,4,1,3,7,no,2.4,5.61,6.32,5,9,21,1
4,4,5,4,4,2,9,yes,4.1,8.95,12.88,4,8,30,1
4,3,4,4,5,2,8,yes,,7.58,8.36,2,7,22,1
3,5,5,4,3,4,8,yes,,6.53,7.88,9,8,36,2
5,3,3,4,2,1,7,yes,7.1,5.39,5.64,4,6,61,1
4,4,2,2,1,3,7,yes,,4.57,5.49,1,7,50,2
3,5,3,4,5,1,9,yes,7.7,9.79,12.64,5,9,40,1
2,3,1,2,3,1,5,no,4.9,3.92,10.09,10,15,42,1
4,3,3,5,3,3,8,yes,5.8,11.09,7.9,14,20,62,1
3,5,5,1,1,5,6,yes,11.9,17.97,20.08,8,8,49,2
3,3,3,5,4,3,8,yes,3,3.21,7.98,5,5,28,1
4,4,2,5,5,1,8,yes,6,2.7,4.88,10,11,28,1
2,2,4,4,4,4,3,no,7.3,1.5,3.77,5,5,32,1
5,5,2,5,5,1,10,yes,3,7.99,9.61,12,17,40,2
3,4,3,4,4,1,10,yes,2.8,6.05,8.42,3,8,34,1
3,2,3,3,2,3,5,yes,8.5,5.75,5.46,1,1,31,1
3,2,4,3,1,4,6,yes,6.1,1.5,1.5,9,5,35,2
1,4,2,3,2,4,7,no,9,11.1,7.35,12,7,42,2
3,2,2,1,3,4,6,no,5.6,11.33,17.11,5,3,40,2
5,4,5,5,5,1,10,yes,1.6,11.26,18.21,15,13,29,1
3,2,3,5,3,3,9,yes,3.8,18.94,16.06,13,13,36,2
5,5,5,4,5,2,10,yes,7.1,4.94,5.42,5,7,32,1
3,1,2,1,4,5,3,no,6.9,12.75,7.04,3,5,53,1
5,5,3,5,5,1,10,yes,2.3,18.53,66.53,7,4,40,2
3,4,3,4,3,3,7,yes,6.5,9.22,8.51,0,0,40,1
1,1,1,4,5,4,4,no,7,1.5,1.5,1,0,21,1
4,5,4,4,4,3,9,no,4.6,9.69,9.63,5,8,35,1
2,3,2,4,2,3,5,yes,,10.34,11.84,2,3,42,1
3,2,3,1,1,5,3,no,6.7,4.08,3.31,9,13,58,2
5,5,5,5,4,2,10,yes,1.9,12.54,13.02,25,19,35,2
1,3,1,1,2,4,1,no,3.9,6.2,11.83,2,1,47,2
2,3,2,4,5,2,7,yes,3.5,8.35,10.84,3,5,33,1
5,2,4,1,1,3,4,yes,9,12.32,7.48,2,2,42,2
4,4,3,5,4,2,8,yes,7.2,12.63,13.89,3,4,40,1
2,4,3,5,4,2,8,yes,4.6,5.33,9.29,8,8,25,1
2,3,3,2,2,5,6,no,9.8,7.54,6.52,0,1,29,1
3,3,5,5,3,3,7,yes,5.4,6.72,4.83,7,5,37,1
4,4,4,2,4,2,,yes,5.5,14.49,10.37,7,3,53,2
1,3,2,4,4,2,6,no,,9.05,17.93,5,3,31,2
5,5,5,5,3,1,8,yes,2.6,9.71,17.2,7,10,58,2
2,4,3,4,3,2,8,yes,19.9,9.22,14.77,3,4,51,2
2,2,1,4,5,3,7,yes,1.6,5.15,7.77,5,5,29,1
3,5,4,5,5,3,10,yes,2.1,9.32,8.76,11,8,39,1
4,4,2,5,5,1,8,yes,2.1,3.7,7.39,13,29,23,2
5,5,4,4,3,2,9,yes,,4.22,9.46,1,1,27,1
2,3,2,3,1,1,,no,1.9,5.4,10.07,7,12,67,2
4,3,4,5,3,3,7,no,2.4,8,8.19,6,7,31,1
4,4,5,3,4,5,6,yes,5.2,10.16,12.32,1,2,35,2
4,4,4,4,4,3,6,no,3.2,5.79,5.3,6,6,36,1
2,3,4,5,5,3,6,no,7.3,9.51,12.6,17,10,43,1
2,3,2,2,4,4,2,no,0.8,9.07,12.18,13,14,41,2
4,2,3,4,5,3,8,yes,3.9,5,4.51,6,7,50,1
5,5,5,5,5,1,10,yes,2.9,14.14,13.91,9,21,56,2
2,4,4,5,1,5,6,no,10.7,16.35,13.35,6,3,31,2
4,3,4,4,4,1,8,yes,4.3,7.91,6.16,0,1,24,2
3,3,5,1,1,2,5,no,7.3,10.17,14.09,1,0,30,2
4,5,3,4,2,1,,yes,2.7,7.41,7.73,1,4,50,1
5,4,5,3,4,4,9,yes,,12,10.05,8,9,47,1
5,4,5,4,5,1,9,yes,4.1,7.19,9.53,8,14,50,2
3,3,5,4,5,2,8,yes,5.2,8.36,13.28,2,5,35,1
5,3,5,5,2,5,8,no,1.9,10.34,8.76,2,12,42,2
4,5,3,3,4,3,8,yes,2.7,10.6,12.94,4,11,44,1
5,5,4,5,5,4,9,yes,3,18.03,19.08,4,13,999,2
4,5,5,3,3,3,7,yes,3.8,6.52,7.68,10,7,42,2
5,4,4,4,5,1,8,yes,8.8,7.19,11.97,11,10,36,1
4,1,1,4,2,4,5,no,8,9.13,8.7,9,6,31,2
1,4,1,3,3,4,7,no,2.6,17.41,6.35,9,6,41,2
3,4,3,5,2,4,5,yes,1.9,8.83,10.38,15,20,999,2
4,5,4,3,3,2,6,yes,8.8,9.82,11.88,23,8,27,2
5,5,5,4,5,1,9,yes,5.5,13.42,16.62,3,7,60,2
3,5,3,4,4,4,8,yes,2,6.66,8.73,13,5,33,2
2,2,3,3,4,1,8,no,0.9,8.01,11.61,3,0,31,2
5,4,5,5,2,4,10,yes,1.9,11.61,7.89,6,7,49,2
3,2,3,2,2,3,4,no,6.4,1.5,6.39,5,20,65,2
5,5,3,5,3,5,10,yes,10.8,4.75,8.87,6,8,35,2
3,3,3,5,4,3,8,yes,1.9,15.24,14.9,19,15,51,1
2,2,2,4,2,2,6,no,9.9,5.16,6.7,7,6,30,1
4,4,5,5,2,4,8,yes,2.3,8.68,10.34,9,10,30,1
3,4,3,4,4,1,6,no,4,8.75,8.65,8,9,35,1
4,4,2,5,5,1,8,yes,2.6,6.61,5.82,5,11,37,1
4,4,3,4,4,2,6,no,3,4.77,9.6,6,17,32,1
4,4,3,5,3,1,9,yes,2.8,8.3,10.04,13,17,56,1
2,2,3,2,3,3,6,no,3.6,7.72,6.92,4,5,52,1
5,4,4,5,5,1,9,no,5.5,10.33,9.71,4,6,36,2
3,4,2,4,5,1,7,yes,10.5,8.62,9.43,8,11,33,2
3,4,3,4,5,3,9,yes,5.1,8.39,9.41,8,3,33,1
4,4,4,5,2,1,7,no,4.3,11.17,8.16,7,6,28,2
3,3,4,3,4,2,9,yes,5,2.62,5.4,4,4,31,1
